Workbook

Sheet Cleaned_Data
A1: student_id | B1: branch | C1: track | D1: gender | E1: age | F1: study_hours_week | G1: commute_minutes | H1: sleep_hours | I1: projects_submitted | J1: satisfaction_1to5 | K1: has_laptop | L1: transport | M1: pets_at_home | N1: favorite_sport | O1: final_score | P1: num_id
A2: ITI-1031 | B2: cairo | C2: data science | D2: m | E2: 21 | F2: 16.5 | G2: 34.1 | H2: 5.5 | I2: 2 | J2: 3 | K2: yes | L2: car | M2: 0 | N2: swimming | O2: 79.3 | P2: 1031
A3: ITI-1117 | B3: assiut | C3: data science | D3: f | E3: 29 | F3: 25.1 | G3: 5 | H3: 6.6 | I3: 3 | J3: 4 | K3: yes | L3: metro | M3: 1 | N3: football | O3: 91.7 | P3: 1117
A4: ITI-1080 | B4: cairo | C4: data science | D4: m | E4: 25 | F4: 14.1 | G4: 73.2 | H4: 7.7 | I4: 0 | J4: 4 | K4: yes | L4: bus | M4: 0 | O4: 79.3 | P4: 1080
A5: ITI-1128 | B5: cairo | C5: web development | D5: f | E5: 25 | F5: 5 | G5: 13.7 | H5: 6.3 | I5: 2 | J5: 4 | K5: yes | L5: metro | M5: 1 | O5: 90.6 | P5: 1128
A6: ITI-1197 | B6: menoufia | C6: web development | D6: m | E6: 25 | F6: 19.9 | G6: 17.2 | H6: 6.9 | I6: 3 | J6: 3 | K6: no | L6: car | M6: 0 | O6: 86.8 | P6: 1197
A7: ITI-1138 | B7: cairo | C7: ui/ux | D7: m | E7: 22 | F7: 8.5 | G7: 29.6 | H7: 5.2 | I7: 4 | J7: 2 | K7: yes | L7: microbus | M7: 1 | N7: running | O7: 59.1 | P7: 1138
A8: ITI-1210 | B8: cairo | C8: data science | D8: m | E8: 21 | F8: 20.4 | G8: 56.1 | H8: 6.2 | I8: 3 | J8: 5 | K8: yes | L8: bus | M8: 0 | N8: football | O8: 92.5 | P8: 1210
A9: ITI-1046 | B9: cairo | C9: data science | D9: f | E9: 23 | F9: 14 | G9: 51.7 | H9: 7.4 | I9: 3 | J9: 3 | K9: yes | L9: bus | M9: 3 | N9: football | O9: 72.6 | P9: 1046
A10: ITI-1159 | B10: assiut | C10: data science | D10: m | E10: 20 | F10: 17.6 | G10: 21.8 | H10: 6.1 | I10: 5 | J10: 4 | K10: yes | L10: walk | M10: 1 | N10: swimming | O10: 88.6 | P10: 1159
A11: ITI-1248 | B11: alexandria | C11: data science | D11: m | E11: 22 | F11: 18.7 | G11: 15 | H11: 7.3 | I11: 4 | J11: 4 | K11: no | L11: microbus | M11: 0 | N11: basketball | O11: 84.9 | P11: 1248
A12: ITI-1184 | B12: mansoura | C12: web development | D12: f | E12: 23 | F12: 12.2 | G12: 58.2 | H12: 7.3 | I12: 7 | J12: 3 | K12: yes | L12: microbus | M12: 2 | O12: 71.9 | P12: 1184
A13: ITI-1042 | B13: cairo | C13: data science | D13: m | E13: 27 | F13: 21.9 | G13: 22.8 | H13: 6.7 | I13: 6 | J13: 5 | K13: yes | L13: bus | M13: 0 | N13: basketball | O13: 87.7 | P13: 1042
A14: ITI-1228 | B14: alexandria | C14: web development | D14: f | E14: 20 | F14: 16.526721 | G14: 15.7 | H14: 6.1 | I14: 2 | J14: 5 | K14: yes | L14: car | M14: 0 | N14: football | O14: 55.6 | P14: 1228
A15: ITI-1083 | B15: cairo | C15: data science | D15: m | E15: 23 | F15: 12.3 | G15: 39.2 | H15: 6.3 | I15: 5 | J15: 5 | K15: yes | L15: bus | M15: 0 | N15: running | O15: 78.6 | P15: 1083
A16: ITI-1166 | B16: alexandria | C16: web development | D16: m | E16: 26 | F16: 13.1 | G16: 63.8 | H16: 7.9 | I16: 1 | J16: 5 | K16: yes | L16: bus | M16: 0 | O16: 74.3 | P16: 1166
A17: ITI-1195 | B17: mansoura | C17: ui/ux | D17: f | E17: 25 | F17: 14.7 | G17: 13.6 | H17: 6.9 | I17: 4 | J17: 3 | K17: yes | L17: bus | M17: 0 | O17: 77.2 | P17: 1195
A18: ITI-1227 | B18: alexandria | C18: web development | D18: m | E18: 22 | F18: 16.6 | G18: 59.1 | H18: 7.5 | I18: 2 | J18: 3 | K18: yes | L18: bus | M18: 0 | N18: basketball | O18: 66.8 | P18: 1227
A19: ITI-1147 | B19: cairo | C19: data science | D19: f | E19: 20 | F19: 18.6 | G19: 44.3 | H19: 7 | I19: 6 | J19: 2 | K19: yes | L19: metro | M19: 0 | N19: football | O19: 83.7 | P19: 1147
A20: ITI-1105 | B20: alexandria | C20: web development | D20: f | E20: 25 | F20: 25.9 | G20: 22.4 | H20: 7.1 | I20: 4 | J20: 3 | K20: yes | L20: bus | M20: 0 | N20: running | O20: 87.4 | P20: 1105
A21: ITI-1061 | B21: assiut | C21: data science | D21: m | E21: 23 | F21: 24.3 | G21: 5 | H21: 6 | I21: 5 | J21: 5 | K21: no | L21: metro | M21: 1 | N21: football | O21: 91.6 | P21: 1061
A22: ITI-1222 | B22: cairo | C22: data science | D22: m | E22: 21 | F22: 21.2 | G22: 30.3 | H22: 7.2 | I22: 6 | J22: 5 | K22: yes | L22: walk | M22: 0 | N22: football | O22: 90 | P22: 1222
A23: ITI-1109 | B23: menoufia | C23: data science | D23: m | E23: 23 | F23: 9.5 | G23: 43.9 | H23: 6.6 | I23: 3 | J23: 5 | K23: yes | L23: microbus | M23: 1 | N23: basketball | O23: 77 | P23: 1109
A24: ITI-1047 | B24: cairo | C24: data science | D24: f | E24: 22 | F24: 6.4 | G24: 17.1 | H24: 7 | I24: 4 | J24: 3 | K24: yes | L24: metro | M24: 0 | N24: football | O24: 66.9 | P24: 1047
A25: ITI-1043 | B25: cairo | C25: ui/ux | D25: f | E25: 24 | F25: 13.7 | G25: 111.7 | H25: 6.9 | I25: 1 | J25: 3 | K25: yes | L25: bus | M25: 2 | O25: 69.4 | P25: 1043
A26: ITI-1186 | B26: cairo | C26: embedded systems | D26: m | E26: 21 | F26: 18.3 | G26: 66.4 | H26: 8.7 | I26: 4 | J26: 3 | K26: yes | L26: bus | M26: 0 | O26: 85.7 | P26: 1186
A27: ITI-1010 | B27: menoufia | C27: data science | D27: f | E27: 24 | F27: 25.7 | G27: 10.8 | H27: 6.1 | I27: 3 | J27: 4 | K27: yes | L27: walk | M27: 2 | O27: 80.3 | P27: 1010
A28: ITI-1023 | B28: menoufia | C28: web development | D28: m | E28: 24 | F28: 21.5 | G28: 8.4 | H28: 7 | I28: 7 | J28: 5 | K28: yes | L28: bus | M28: 1 | O28: 91.7 | P28: 1023
A29: ITI-1200 | B29: alexandria | C29: web development | D29: m | E29: 23 | F29: 16.526721 | G29: 35.2 | H29: 6.6 | I29: 3 | J29: 3 | K29: yes | L29: walk | M29: 1 | N29: football | O29: 75.3 | P29: 1200
A30: ITI-1110 | B30: mansoura | C30: web development | D30: f | E30: 20 | F30: 9.3 | G30: 31 | H30: 6.7 | I30: 1 | J30: 4 | K30: no | L30: car | M30: 0 | N30: running | O30: 74.6 | P30: 1110
A31: ITI-1025 | B31: mansoura | C31: data science | D31: m | E31: 20 | F31: 17.7 | G31: 43.8 | H31: 6.8 | I31: 7 | J31: 4 | K31: yes | L31: walk | M31: 0 | N31: swimming | O31: 77.2 | P31: 1025
A32: ITI-1114 | B32: mansoura | C32: data science | D32: f | E32: 29 | F32: 18.8 | G32: 16.2 | H32: 5.7 | I32: 0 | J32: 3 | K32: no | L32: metro | M32: 1 | N32: running | O32: 76.6 | P32: 1114
A33: ITI-1069 | B33: cairo | C33: ui/ux | D33: m | E33: 24 | F33: 16.5 | G33: 83 | H33: 8.1 | I33: 2 | J33: 4 | K33: yes | L33: metro | M33: 0 | O33: 90 | P33: 1069
A34: ITI-1225 | B34: mansoura | C34: data science | D34: m | E34: 25 | F34: 17.9 | G34: 12.2 | H34: 6.3 | I34: 3 | J34: 4 | K34: yes | L34: bus | M34: 0 | N34: swimming | O34: 84.2 | P34: 1145
A35: ITI-1253 | B35: cairo | C35: ui/ux | D35: f | E35: 28 | F35: 9.8 | G35: 27.2 | H35: 7.8 | I35: 2 | J35: 2 | K35: yes | L35: microbus | M35: 0 | N35: running | O35: 71 | P35: 1225
A36: ITI-1007 | B36: alexandria | C36: embedded systems | D36: m | E36: 24 | F36: 19.7 | G36: 31.9 | H36: 7.6 | I36: 1 | J36: 4 | K36: yes | L36: bus | M36: 0 | N36: running | O36: 90.3 | P36: 1253
A37: ITI-1121 | B37: cairo | C37: data science | D37: f | E37: 23 | F37: 12.7 | G37: 11.6 | H37: 6 | I37: 5 | J37: 2 | K37: no | L37: microbus | M37: 0 | N37: football | O37: 78.3 | P37: 1007
A38: ITI-1068 | B38: menoufia | C38: data science | D38: m | E38: 25 | F38: 16.6 | G38: 44.1 | H38: 6.6 | I38: 3 | J38: 5 | K38: no | L38: bus | M38: 0 | N38: football | O38: 79.5 | P38: 1121
A39: ITI-1120 | B39: assiut | C39: data science | D39: f | E39: 21 | F39: 14.1 | G39: 18.5 | H39: 8.1 | I39: 3 | J39: 5 | K39: yes | L39: car | M39: 0 | N39: football | O39: 71.9 | P39: 1068
A40: ITI-1119 | B40: cairo | C40: embedded systems | D40: f | E40: 25 | F40: 2 | G40: 50.1 | H40: 8 | I40: 3 | J40: 4 | K40: no | L40: bus | M40: 3 | N40: running | O40: 80.2 | P40: 1120
A41: ITI-1026 | B41: alexandria | C41: cyber security | D41: m | E41: 21 | F41: 14.8 | G41: 9.7 | H41: 5.6 | I41: 0 | J41: 4 | K41: no | L41: car | M41: 1 | O41: 64.2 | P41: 1119
A42: ITI-1126 | B42: cairo | C42: cyber security | D42: f | E42: 24 | F42: 18.6 | G42: 74.9 | H42: 5.6 | I42: 3 | J42: 3 | K42: yes | L42: walk | M42: 0 | N42: swimming | O42: 99 | P42: 1026
A43: ITI-1020 | B43: cairo | C43: web development | D43: f | E43: 24 | F43: 19 | G43: 133.7 | H43: 6.1 | I43: 2 | J43: 3 | K43: yes | L43: bus | M43: 1 | N43: football | O43: 68.1 | P43: 1126
A44: ITI-1078 | B44: alexandria | C44: web development | D44: m | E44: 28 | F44: 11 | G44: 78 | H44: 8.5 | I44: 1 | J44: 1 | K44: yes | L44: walk | M44: 2 | N44: basketball | O44: 74.5 | P44: 1020
A45: ITI-1217 | B45: cairo | C45: web development | D45: f | E45: 28 | F45: 9.6 | G45: 116.1 | H45: 6.5 | I45: 2 | J45: 4 | K45: yes | L45: bus | M45: 0 | N45: running | O45: 72.5 | P45: 1078
A46: ITI-1091 | B46: mansoura | C46: data science | D46: f | E46: 21 | F46: 11.9 | G46: 14.7 | H46: 7.1 | I46: 3 | J46: 5 | K46: yes | L46: metro | M46: 0 | N46: swimming | O46: 69.6 | P46: 1217
A47: ITI-1209 | B47: alexandria | C47: data science | D47: f | E47: 22 | F47: 20.1 | G47: 66.6 | H47: 5.6 | I47: 3 | J47: 2 | K47: yes | L47: metro | M47: 0 | N47: volleyball | O47: 62.1 | P47: 1091
A48: ITI-1094 | B48: cairo | C48: cyber security | D48: f | E48: 23 | F48: 11.8 | G48: 27.9 | H48: 8.1 | I48: 5 | J48: 2 | K48: yes | L48: bus | M48: 0 | N48: football | O48: 70 | P48: 1209
A49: ITI-1181 | B49: assiut | C49: data science | D49: m | E49: 22 | F49: 11.3 | G49: 11.8 | H49: 7.1 | I49: 6 | J49: 4 | K49: yes | L49: microbus | M49: 1 | N49: football | O49: 82.1 | P49: 1094
A50: ITI-1016 | B50: cairo | C50: ui/ux | D50: m | E50: 25 | F50: 9.2 | G50: 89.5 | H50: 6.6 | I50: 3 | J50: 4 | K50: no | L50: metro | M50: 0 | N50: basketball | O50: 67.6 | P50: 1181
A51: ITI-1153 | B51: cairo | C51: cyber security | D51: f | E51: 28 | F51: 18.1 | G51: 37.2 | H51: 4.9 | I51: 1 | J51: 2 | K51: yes | L51: metro | M51: 2 | N51: running | O51: 68.9 | P51: 1016
A52: ITI-1233 | B52: alexandria | C52: web development | D52: f | E52: 23 | F52: 20 | G52: 26.2 | H52: 5.4 | I52: 4 | J52: 4 | K52: yes | L52: bus | M52: 0 | O52: 97.4 | P52: 1153
A53: ITI-1251 | B53: menoufia | C53: cyber security | D53: m | E53: 25 | F53: 13.4 | G53: 30.7 | H53: 6.1 | I53: 7 | J53: 4 | K53: yes | L53: metro | M53: 2 | N53: swimming | O53: 63.9 | P53: 1233
A54: ITI-1116 | B54: menoufia | C54: web development | D54: f | E54: 24 | F54: 12.4 | G54: 15.6 | H54: 8.9 | I54: 5 | J54: 3 | K54: yes | L54: bus | M54: 0 | N54: football | O54: 71 | P54: 1251
A55: ITI-1034 | B55: menoufia | C55: data science | D55: f | E55: 20 | F55: 21.2 | G55: 30.1 | H55: 4.9 | I55: 3 | J55: 4 | K55: yes | L55: walk | M55: 0 | N55: running | O55: 80.4 | P55: 1116
A56: ITI-1185 | B56: menoufia | C56: embedded systems | D56: f | E56: 23 | F56: 17.2 | G56: 29.5 | H56: 6.4 | I56: 5 | J56: 4 | K56: yes | L56: metro | M56: 2 | N56: football | O56: 87.9 | P56: 1034
A57: ITI-1143 | B57: mansoura | C57: ui/ux | D57: f | E57: 24 | F57: 8.8 | G57: 39.9 | H57: 5.9 | I57: 2 | J57: 3 | K57: yes | L57: metro | M57: 3 | N57: football | O57: 74.3 | P57: 1185
A58: ITI-1198 | B58: mansoura | C58: ui/ux | D58: f | E58: 23 | F58: 13.7 | G58: 13.7 | H58: 7 | I58: 2 | J58: 4 | K58: no | L58: bus | M58: 1 | N58: football | O58: 71.1 | P58: 1143
A59: ITI-1038 | B59: cairo | C59: embedded systems | D59: m | E59: 25 | F59: 12.4 | G59: 71.6 | H59: 6.6 | I59: 3 | J59: 3 | K59: yes | L59: car | M59: 1 | N59: basketball | O59: 74.3 | P59: 1198
A60: ITI-1017 | B60: cairo | C60: cyber security | D60: m | E60: 23 | F60: 21.5 | G60: 59.6 | H60: 8.5 | I60: 8 | J60: 3 | K60: yes | L60: walk | M60: 0 | O60: 85.9 | P60: 1038
A61: ITI-1076 | B61: mansoura | C61: cyber security | D61: m | E61: 29 | F61: 6.8 | G61: 17 | H61: 6.6 | I61: 4 | J61: 4 | K61: yes | L61: bus | M61: 0 | O61: 65.4 | P61: 1017
A62: ITI-1149 | B62: assiut | C62: web development | D62: f | E62: 25 | F62: 18.1 | G62: 44.5 | H62: 7.6 | I62: 7 | J62: 4 | K62: yes | L62: bus | M62: 1 | O62: 75.7 | P62: 1076
A63: ITI-1011 | B63: menoufia | C63: data science | D63: f | E63: 23 | F63: 15.6 | G63: 22.4 | H63: 6.5 | I63: 2 | J63: 4 | K63: yes | L63: car | M63: 0 | O63: 78.1 | P63: 1149
A64: ITI-1234 | B64: menoufia | C64: data science | D64: m | E64: 23 | F64: 16.526721 | G64: 39.3 | H64: 7.6 | I64: 3 | J64: 4 | K64: no | L64: metro | M64: 1 | N64: football | O64: 74.8 | P64: 1011
A65: ITI-1067 | B65: menoufia | C65: ui/ux | D65: f | E65: 22 | F65: 18.1 | G65: 59.3 | H65: 8.3 | I65: 5 | J65: 2 | K65: yes | L65: bus | M65: 2 | N65: football | O65: 83.8 | P65: 1234
A66: ITI-1254 | B66: assiut | C66: cyber security | D66: f | E66: 24 | F66: 16.8 | G66: 41.4 | H66: 8.6 | I66: 2 | J66: 3 | K66: yes | L66: car | M66: 0 | N66: football | O66: 82.6 | P66: 1067
A67: ITI-1226 | B67: alexandria | C67: web development | D67: f | E67: 29 | F67: 14.8 | G67: 27.2 | H67: 6 | I67: 1 | J67: 4 | K67: yes | L67: car | M67: 1 | O67: 75.2 | P67: 1254
A68: ITI-1183 | B68: mansoura | C68: web development | D68: m | E68: 27 | F68: 23.8 | G68: 32.6 | H68: 6.1 | I68: 8 | J68: 2 | K68: yes | L68: walk | M68: 0 | O68: 93.3 | P68: 1226
A69: ITI-1074 | B69: alexandria | C69: data science | D69: m | E69: 24 | F69: 19.4 | G69: 12.8 | H69: 8.8 | I69: 2 | J69: 5 | K69: yes | L69: metro | M69: 0 | O69: 90.1 | P69: 1183
A70: ITI-1019 | B70: cairo | C70: data science | D70: m | E70: 23 | F70: 14.7 | G70: 54.8 | H70: 5.7 | I70: 2 | J70: 3 | K70: yes | L70: metro | M70: 0 | O70: 77.9 | P70: 1074
A71: ITI-1102 | B71: cairo | C71: ui/ux | D71: f | E71: 24 | F71: 13.1 | G71: 25.1 | H71: 4.6 | I71: 1 | J71: 4 | K71: yes | L71: microbus | M71: 0 | O71: 68.4 | P71: 1019
A72: ITI-1196 | B72: cairo | C72: embedded systems | D72: m | E72: 21 | F72: 21.2 | G72: 16.1 | H72: 8.9 | I72: 4 | J72: 3 | K72: yes | L72: microbus | M72: 1 | O72: 65.3 | P72: 1102
A73: ITI-1113 | B73: cairo | C73: cyber security | D73: f | E73: 21 | F73: 20.4 | G73: 120.2 | H73: 8.2 | I73: 5 | J73: 2 | K73: no | L73: bus | M73: 0 | N73: football | O73: 80.2 | P73: 1196
A74: ITI-1171 | B74: mansoura | C74: data science | D74: m | E74: 21 | F74: 10.5 | G74: 79.7 | H74: 9.1 | I74: 2 | J74: 5 | K74: no | L74: metro | M74: 0 | N74: basketball | O74: 57.6 | P74: 1113
A75: ITI-1087 | B75: menoufia | C75: ui/ux | D75: f | E75: 20 | F75: 16.8 | G75: 29.1 | H75: 6.8 | I75: 1 | J75: 2 | K75: yes | L75: walk | M75: 0 | N75: football | O75: 73.5 | P75: 1171
A76: ITI-1056 | B76: cairo | C76: data science | D76: m | E76: 21 | F76: 23.7 | G76: 37.9 | H76: 5.9 | I76: 4 | J76: 5 | K76: yes | L76: microbus | M76: 0 | N76: basketball | O76: 90.5 | P76: 1087
A77: ITI-1201 | B77: cairo | C77: ui/ux | D77: f | E77: 23 | F77: 11.4 | G77: 16.6 | H77: 6 | I77: 3 | J77: 3 | K77: no | L77: bus | M77: 0 | N77: football | O77: 72.5 | P77: 1056
A78: ITI-1039 | B78: alexandria | C78: embedded systems | D78: m | E78: 20 | F78: 11.3 | G78: 27.9 | H78: 7.9 | I78: 4 | J78: 4 | K78: yes | L78: car | M78: 0 | N78: running | O78: 75.3 | P78: 1098
A79: ITI-1155 | B79: menoufia | C79: cyber security | D79: f | E79: 23 | F79: 15.6 | G79: 20.2 | H79: 6.6 | I79: 2 | J79: 5 | K79: yes | L79: car | M79: 3 | N79: volleyball | O79: 72.4 | P79: 1201
A80: ITI-1085 | B80: cairo | C80: data science | D80: m | E80: 25 | F80: 25 | G80: 31.4 | H80: 5.8 | I80: 3 | J80: 2 | K80: no | L80: microbus | M80: 0 | O80: 85.2 | P80: 1039
A81: ITI-1252 | B81: cairo | C81: cyber security | D81: f | E81: 22 | F81: 17.9 | G81: 87.2 | H81: 6.7 | I81: 6 | J81: 3 | K81: yes | L81: microbus | M81: 0 | N81: running | O81: 92.7 | P81: 1155
A82: ITI-1093 | B82: cairo | C82: data science | D82: m | E82: 27 | F82: 19.5 | G82: 69.4 | H82: 6.7 | I82: 3 | J82: 5 | K82: yes | L82: bus | M82: 2 | N82: football | O82: 82.1 | P82: 1085
A83: ITI-1202 | B83: cairo | C83: web development | D83: m | E83: 22 | F83: 16.8 | G83: 27.7 | H83: 7.8 | I83: 5 | J83: 2 | K83: yes | L83: bus | M83: 0 | N83: football | O83: 91.3 | P83: 1252
A84: ITI-1127 | B84: cairo | C84: web development | D84: f | E84: 23 | F84: 17.6 | G84: 23.1 | H84: 6.9 | I84: 2 | J84: 5 | K84: yes | L84: metro | M84: 0 | O84: 80.5 | P84: 1093
A85: ITI-1125 | B85: assiut | C85: data science | D85: m | E85: 23 | F85: 18.5 | G85: 15.6 | H85: 8.9 | I85: 2 | J85: 5 | K85: yes | L85: car | M85: 0 | N85: volleyball | O85: 80.2 | P85: 1202
A86: ITI-1079 | B86: alexandria | C86: embedded systems | D86: m | E86: 23 | F86: 23.6 | G86: 21.1 | H86: 7.8 | I86: 2 | J86: 5 | K86: no | L86: car | M86: 0 | N86: football | O86: 84.3 | P86: 1127
A87: ITI-1182 | B87: alexandria | C87: data science | D87: m | E87: 26 | F87: 15.5 | G87: 68.8 | H87: 8.5 | I87: 3 | J87: 2 | K87: yes | L87: bus | M87: 1 | N87: volleyball | O87: 84.5 | P87: 1125
A88: ITI-1112 | B88: assiut | C88: web development | D88: m | E88: 21 | F88: 20.3 | G88: 50 | H88: 5.3 | I88: 2 | J88: 4 | K88: yes | L88: bus | M88: 0 | O88: 77.7 | P88: 1079
A89: ITI-1230 | B89: cairo | C89: embedded systems | D89: m | E89: 24 | F89: 20.9 | G89: 55.7 | H89: 8.1 | I89: 3 | J89: 5 | K89: yes | L89: bus | M89: 0 | N89: football | O89: 82.5 | P89: 1182
A90: ITI-1259 | B90: menoufia | C90: data science | D90: m | E90: 28 | F90: 9.3 | G90: 26 | H90: 6.3 | I90: 1 | J90: 2 | K90: yes | L90: metro | M90: 4 | N90: football | O90: 58.5 | P90: 1112
A91: ITI-1032 | B91: cairo | C91: embedded systems | D91: m | E91: 23 | F91: 20.5 | G91: 62.9 | H91: 5.1 | I91: 3 | J91: 5 | K91: yes | L91: microbus | M91: 2 | N91: volleyball | O91: 84.6 | P91: 1230
A92: ITI-1211 | B92: alexandria | C92: web development | D92: f | E92: 25 | F92: 13.1 | G92: 10.1 | H92: 6 | I92: 0 | J92: 5 | K92: yes | L92: car | M92: 0 | N92: running | O92: 77.9 | P92: 1259
A93: ITI-1194 | B93: alexandria | C93: web development | D93: m | E93: 26 | F93: 8.9 | G93: 63.3 | H93: 7.2 | I93: 3 | J93: 2 | K93: no | L93: microbus | M93: 1 | N93: swimming | O93: 72.7 | P93: 1032
A94: ITI-1077 | B94: cairo | C94: data science | D94: m | E94: 23 | F94: 16.3 | G94: 62.4 | H94: 4.4 | I94: 6 | J94: 5 | K94: yes | L94: metro | M94: 0 | N94: football | O94: 71.7 | P94: 1211
A95: ITI-1148 | B95: cairo | C95: data science | D95: m | E95: 21 | F95: 9.8 | G95: 176 | H95: 7.6 | I95: 4 | J95: 5 | K95: yes | L95: bus | M95: 0 | N95: football | O95: 70.1 | P95: 1194
A96: ITI-1140 | B96: mansoura | C96: web development | D96: f | E96: 20 | F96: 23.4 | G96: 28.5 | H96: 6.6 | I96: 2 | J96: 2 | K96: yes | L96: metro | M96: 0 | N96: running | O96: 83.4 | P96: 1156
A97: ITI-1144 | B97: alexandria | C97: ui/ux | D97: m | E97: 27 | F97: 11.6 | H97: 7.2 | I97: 3 | J97: 5 | K97: yes | L97: bus | M97: 0 | N97: volleyball | O97: 78.5 | P97: 1003
A98: ITI-1097 | B98: cairo | C98: data science | D98: m | E98: 25 | F98: 14.4 | G98: 67 | H98: 7.6 | I98: 7 | J98: 5 | K98: no | L98: car | M98: 0 | N98: basketball | O98: 75.4 | P98: 1077
A99: ITI-1141 | B99: mansoura | C99: cyber security | D99: m | E99: 22 | F99: 3.2 | G99: 34.3 | H99: 4.7 | I99: 2 | J99: 3 | K99: yes | L99: car | M99: 3 | N99: running | O99: 66.2 | P99: 1148
A100: ITI-1174 | B100: cairo | C100: embedded systems | D100: m | E100: 23 | F100: 9.5 | G100: 18 | H100: 7.6 | I100: 3 | J100: 3 | K100: yes | L100: bus | M100: 0 | N100: running | O100: 74.4 | P100: 1140
...

Sheet Descriptive Statistics Summary
A1: Part C — Descriptive Statistics Summary
A4: SECTION 1 — Overall Descriptive Statistics(Commute _Minutes)
A5: Measure | B5: Results
A6: N (count of non-blank values) | B6: =COUNT(Cleaned_Data!G2:G250) -> 243
A7: Mean | B7: =AVERAGE(Cleaned_Data!G:G) -> 45.436214
A8: Median | B8: =MEDIAN(Cleaned_Data!G:G) -> 33
A9: Mode | B9: 16.1, 25.9,37,2
A10: Minimum | B10: =MIN(Cleaned_Data!G:G) -> 5
A11: Maximum | B11: =MAX(Cleaned_Data!G:G) -> 256.5
A12: Range (Max − Min) | B12: =256.5 - 5 -> 251.5
A13: Standard Deviation (sample) | B13: =_xlfn.STDEV.S(Cleaned_Data!G:G) -> 40.151769
A14: Q1 (25th percentile) | B14: =_xlfn.QUARTILE.INC(Cleaned_Data!G:G, 1) -> 19.95
A15: Q3 (75th percentile) | B15: =_xlfn.QUARTILE.INC(Cleaned_Data!G:G,3 ) -> 59.2
A16: IQR (Q3 − Q1) | B16: =B15-B14 -> 39.25
A18: SECTION 2 — Branch Summary Table (Commute_minutes)
A20: Branch | B20: Count | C20: Median | D20: Std Dev | E20: Mean
A21: Cairo | B21: =COUNTIFS(Cleaned_Data!$B$2:$B$250, $A21, Cleaned_Data!$G$2:$G$250, "<>") -> 95 | C21: {=MEDIAN(_xlfn._xlws.FILTER(Cleaned_Data!$G$2:$G$250, (Cleaned_Data!$B$2:$B$250=$A21) * (Cleaned_Data!$G$2:$G$250<>"")))} -> 50.1 | D21: {=_xlfn.STDEV.S(_xlfn._xlws.FILTER(Cleaned_Data!$G$2:$G$250, (Cleaned_Data!$B$2:$B$250=$A21) * (Cleaned_Data!$G$2:$G$250<>"")))} -> 45.37435 | E21: =AVERAGEIFS(Cleaned_Data!$G$2:$G$250,Cleaned_Data!$B$2:$B$250,$A21) -> 61.066316
A22: Alexandria | B22: =COUNTIFS(Cleaned_Data!$B$2:$B$250, $A22, Cleaned_Data!$G$2:$G$250, "<>") -> 49 | C22: {=MEDIAN(_xlfn._xlws.FILTER(Cleaned_Data!$G$2:$G$250, (Cleaned_Data!$B$2:$B$250=$A22) * (Cleaned_Data!$G$2:$G$250<>"")))} -> 34.8 | D22: {=_xlfn.STDEV.S(_xlfn._xlws.FILTER(Cleaned_Data!$G$2:$G$250, (Cleaned_Data!$B$2:$B$250=$A22) * (Cleaned_Data!$G$2:$G$250<>"")))} -> 37.095715 | E22: =AVERAGEIFS(Cleaned_Data!$G$2:$G$250,Cleaned_Data!$B$2:$B$250,$A22) -> 43.757143
A23: Menoufia | B23: =COUNTIFS(Cleaned_Data!$B$2:$B$250, $A23, Cleaned_Data!$G$2:$G$250, "<>") -> 30 | C23: {=MEDIAN(_xlfn._xlws.FILTER(Cleaned_Data!$G$2:$G$250, (Cleaned_Data!$B$2:$B$250=$A23) * (Cleaned_Data!$G$2:$G$250<>"")))} -> 25.75 | D23: {=_xlfn.STDEV.S(_xlfn._xlws.FILTER(Cleaned_Data!$G$2:$G$250, (Cleaned_Data!$B$2:$B$250=$A23) * (Cleaned_Data!$G$2:$G$250<>"")))} -> 37.860883 | E23: =AVERAGEIFS(Cleaned_Data!$G$2:$G$250,Cleaned_Data!$B$2:$B$250,$A23) -> 35.666667
A24: Mansoura | B24: =COUNTIFS(Cleaned_Data!$B$2:$B$250, $A24, Cleaned_Data!$G$2:$G$250, "<>") -> 40 | C24: {=MEDIAN(_xlfn._xlws.FILTER(Cleaned_Data!$G$2:$G$250, (Cleaned_Data!$B$2:$B$250=$A24) * (Cleaned_Data!$G$2:$G$250<>"")))} -> 26 | D24: {=_xlfn.STDEV.S(_xlfn._xlws.FILTER(Cleaned_Data!$G$2:$G$250, (Cleaned_Data!$B$2:$B$250=$A24) * (Cleaned_Data!$G$2:$G$250<>"")))} -> 30.719241 | E24: =AVERAGEIFS(Cleaned_Data!$G$2:$G$250,Cleaned_Data!$B$2:$B$250,$A24) -> 31.8575
A25: Assiut | B25: =COUNTIFS(Cleaned_Data!$B$2:$B$250, $A25, Cleaned_Data!$G$2:$G$250, "<>") -> 29 | C25: {=MEDIAN(_xlfn._xlws.FILTER(Cleaned_Data!$G$2:$G$250, (Cleaned_Data!$B$2:$B$250=$A25) * (Cleaned_Data!$G$2:$G$250<>"")))} -> 24 | D25: {=_xlfn.STDEV.S(_xlfn._xlws.FILTER(Cleaned_Data!$G$2:$G$250, (Cleaned_Data!$B$2:$B$250=$A25) * (Cleaned_Data!$G$2:$G$250<>"")))} -> 16.412559 | E25: =AVERAGEIFS(Cleaned_Data!$G$2:$G$250,Cleaned_Data!$B$2:$B$250,$A25) -> 25.906897
F26: The outliers(Rows) | L26: The outliers(Rows)
A27: SECTION 3 — Outlier Fences (1.5×IQR) | E27: Excel Row | F27: Student ID | G27: Branch | H27: Commute (min) | I27: Final Score | K27: Excel Row | L27: Student ID | M27: Branch | N27: Commute (min) | O27: Final Score
A28: Measure | B28: Results | E28: 43 | F28: ITI-1020 | G28: Cairo | H28: 133.7 | I28: 68.1 | K28: 205 | L28: ITI-1132 | M28: Cairo | N28: 191.4 | O28: 74.3
A29: Lower fence (Q1 - 1.5×IQR) | B29: =B14-(1.5*B16) -> -38.925 | E29: 73 | F29: ITI-1113 | G29: Cairo | H29: 120.2 | I29: 80.2 | K29: 229 | L29: ITI-1049 | M29: Cairo | N29: 142.3 | O29: 85.3
A30: Upper fence (Q3 + 1.5×IQR) | B30: =B15+(1.5*B16) -> 118.075 | E30: 95 | F30: ITI-1148 | G30: Cairo | H30: 176 | I30: 70.1
A31: Count of OUTLIERS | B31: =COUNTIF(Cleaned_Data!$G$2:$G$250,">"&B30) -> 14 | E31: 115 | F31: ITI-1086 | G31: Cairo | H31: 200 | I31: 83.7
E32: 117 | F32: ITI-1173 | G32: Cairo | H32: 132 | I32: 81.8
A33: SECTION 4 — Coefficient of Variation (CV = StdDev / Mean × 100) | E33: 134 | F33: ITI-1101 | G33: Cairo | H33: 256.5 | I33: 99
A34: Variable | B34: CV result (%) | E34: 139 | F34: ITI-1151 | G34: Cairo | H34: 154 | I34: 50.4
A35: commute_minutes | B35: =(B13/B7)*100 -> 88.36953 | C35: Commute Minutes | D35: =(B13/B7)*100 -> 88.36953 | E35: 143 | F35: ITI-1231 | G35: Cairo | H35: 126.7 | I35: 69.2
A36: final_score | B36: {=_xlfn.STDEV.S(IFERROR(VALUE(SUBSTITUTE(Cleaned_Data!O2:O250,",",".")),""))/AVERAGE(IFERROR(VALUE(SUBSTITUTE(Cleaned_Data!O2:O250,",",".")),"")) * 100} -> 12.316518 | C36: Final score | D36: {=_xlfn.STDEV.S(IFERROR(VALUE(SUBSTITUTE(Cleaned_Data!O2:O250,",",".")),""))/AVERAGE(IFERROR(VALUE(SUBSTITUTE(Cleaned_Data!O2:O250,",",".")),"")) * 100} -> 12.316518 | E36: 153 | F36: ITI-1063 | G36: Mansoura | H36: 190.2 | I36: 85.6
E37: 157 | F37: ITI-1071 | G37: Menoufia | H37: 209.8 | I37: Missing
A38: SECTION 5 — Distribution Chart | E38: 186 | F38: ITI-1104 | G38: Cairo | H38: 121.4 | I38: 68.5
E39: 194 | F39: ITI-1199 | G39: Alexandria | H39: 238.9 | I39: 76.1

Sheet All Columns
A1: Descriptive Statistics — All Numeric Columns
A3: Variable | B3: N (Count) | C3: Mean | D3: Median | E3: Mode | F3: Std Dev (Sample) | G3: Minimum | H3: Maximum | I3: Range | J3: Q1 | K3: Q3 | L3: IQR | M3: CV (%)
A4: age | B4: =COUNT(Cleaned_Data!E2:E250) -> 249 | C4: =AVERAGE(Cleaned_Data!E2:E250) -> 23.51004 | D4: =MEDIAN(Cleaned_Data!E2:E250) -> 23 | E4: 23 | F4: =_xlfn.STDEV.S(Cleaned_Data!E2:E250) -> 2.2181663 | G4: =MIN(Cleaned_Data!E2:E250) -> 20 | H4: =MAX(Cleaned_Data!E2:E250) -> 30 | I4: =H4-G4 -> 10 | J4: =_xlfn.QUARTILE.INC(Cleaned_Data!E2:E250,1) -> 22 | K4: =_xlfn.QUARTILE.INC(Cleaned_Data!E2:E250,3) -> 25 | L4: =K4-J4 -> 3 | M4: =F4/C4*100 -> 9.4349745
A5: study_hours_week | B5: =COUNT(Cleaned_Data!F2:F250) -> 249 | C5: =AVERAGE(Cleaned_Data!F2:F250) -> 16.29454 | D5: =MEDIAN(Cleaned_Data!F2:F250) -> 16.526721 | E5: =_xlfn.MODE.SNGL(Cleaned_Data!F2:F250) -> 16.526721 | F5: =_xlfn.STDEV.S(Cleaned_Data!F2:F250) -> 5.2618741 | G5: =MIN(Cleaned_Data!F2:F250) -> 2 | H5: =MAX(Cleaned_Data!F2:F250) -> 27.8 | I5: =H5-G5 -> 25.8 | J5: =_xlfn.QUARTILE.INC(Cleaned_Data!F2:F250,1) -> 12.8 | K5: =_xlfn.QUARTILE.INC(Cleaned_Data!F2:F250,3) -> 20.1 | L5: =K5-J5 -> 7.3 | M5: =F5/C5*100 -> 32.292253
A6: commute_minutes | B6: =COUNT(Cleaned_Data!G2:G250) -> 243 | C6: =AVERAGE(Cleaned_Data!G2:G250) -> 45.436214 | D6: =MEDIAN(Cleaned_Data!G2:G250) -> 33 | E6: =_xlfn.MODE.SNGL(Cleaned_Data!G2:G250) -> 37.2 | F6: =_xlfn.STDEV.S(Cleaned_Data!G2:G250) -> 40.151769 | G6: =MIN(Cleaned_Data!G2:G250) -> 5 | H6: =MAX(Cleaned_Data!G2:G250) -> 256.5 | I6: =H6-G6 -> 251.5 | J6: =_xlfn.QUARTILE.INC(Cleaned_Data!G2:G250,1) -> 19.95 | K6: =_xlfn.QUARTILE.INC(Cleaned_Data!G2:G250,3) -> 59.2 | L6: =K6-J6 -> 39.25 | M6: =F6/C6*100 -> 88.36953
A7: sleep_hours | B7: =COUNT(Cleaned_Data!H2:H250) -> 249 | C7: =AVERAGE(Cleaned_Data!H2:H250) -> 6.8309237 | D7: =MEDIAN(Cleaned_Data!H2:H250) -> 6.8 | E7: =_xlfn.MODE.SNGL(Cleaned_Data!H2:H250) -> 6.8 | F7: =_xlfn.STDEV.S(Cleaned_Data!H2:H250) -> 1.0718011 | G7: =MIN(Cleaned_Data!H2:H250) -> 3.8 | H7: =MAX(Cleaned_Data!H2:H250) -> 9.5 | I7: =H7-G7 -> 5.7 | J7: =_xlfn.QUARTILE.INC(Cleaned_Data!H2:H250,1) -> 6.1 | K7: =_xlfn.QUARTILE.INC(Cleaned_Data!H2:H250,3) -> 7.5 | L7: =K7-J7 -> 1.4 | M7: =F7/C7*100 -> 15.690427
A8: projects_submitted | B8: =COUNT(Cleaned_Data!H2:H250) -> 249 | C8: =AVERAGE(Cleaned_Data!I2:I250) -> 3.1485944 | D8: =MEDIAN(Cleaned_Data!I2:I250) -> 3 | E8: =_xlfn.MODE.SNGL(Cleaned_Data!I2:I250) -> 2 | F8: =_xlfn.STDEV.S(Cleaned_Data!I2:I250) -> 1.7909968 | G8: =MIN(Cleaned_Data!I2:I250) -> 0 | H8: =MAX(Cleaned_Data!I2:I250) -> 8 | I8: =H8-G8 -> 8 | J8: =_xlfn.QUARTILE.INC(Cleaned_Data!I2:I250,1) -> 2 | K8: =_xlfn.QUARTILE.INC(Cleaned_Data!I2:I250,3) -> 4 | L8: =K8-J8 -> 2 | M8: =F8/C8*100 -> 56.882423
A9: satisfaction_1to5 | B9: =COUNT(Cleaned_Data!H2:H250) -> 249 | C9: =AVERAGE(Cleaned_Data!J2:J250) -> 3.6064257 | D9: =MEDIAN(Cleaned_Data!J2:J250) -> 4 | E9: =_xlfn.MODE.SNGL(Cleaned_Data!J2:J250) -> 4 | F9: =_xlfn.STDEV.S(Cleaned_Data!J2:J250) -> 0.99884958 | G9: =MIN(Cleaned_Data!J2:J250) -> 1 | H9: =MAX(Cleaned_Data!J2:J250) -> 5 | I9: =H9-G9 -> 4 | J9: =_xlfn.QUARTILE.INC(Cleaned_Data!J2:J250,1) -> 3 | K9: =_xlfn.QUARTILE.INC(Cleaned_Data!J2:J250,3) -> 4 | L9: =K9-J9 -> 1 | M9: =F9/C9*100 -> 27.696386
A10: pets_at_home | B10: =COUNT(Cleaned_Data!M2:M250) -> 249 | C10: =AVERAGE(Cleaned_Data!M2:M250) -> 0.70682731 | D10: =MEDIAN(Cleaned_Data!M2:M250) -> 0 | E10: =_xlfn.MODE.SNGL(Cleaned_Data!M2:M250) -> 0 | F10: =_xlfn.STDEV.S(Cleaned_Data!M2:M250) -> 1.0072287 | G10: =MIN(Cleaned_Data!M2:M250) -> 0 | H10: =MAX(Cleaned_Data!M2:M250) -> 4 | I10: =H10-G10 -> 4 | J10: =_xlfn.QUARTILE.INC(Cleaned_Data!M2:M250,1) -> 0 | K10: =_xlfn.QUARTILE.INC(Cleaned_Data!M2:M250,3) -> 1 | L10: =K10-J10 -> 1 | M10: =F10/C10*100 -> 142.49997
A11: final_score | B11: =COUNT(Cleaned_Data!O2:O250) -> 249 | C11: =AVERAGE(Cleaned_Data!O2:O250) -> 79.309916 | D11: =MEDIAN(Cleaned_Data!O2:O250) -> 78.6 | E11: =_xlfn.MODE.SNGL(Cleaned_Data!O2:O250) -> 74.3 | F11: =_xlfn.STDEV.S(Cleaned_Data!O2:O250) -> 9.7682204 | G11: =MIN(Cleaned_Data!O2:O250) -> 50.4 | H11: =MAX(Cleaned_Data!O2:O250) -> 100 | I11: =H11-G11 -> 49.6 | J11: =_xlfn.QUARTILE.INC(Cleaned_Data!O2:O250,1) -> 72.7 | K11: =_xlfn.QUARTILE.INC(Cleaned_Data!O2:O250,3) -> 85.9 | L11: =K11-J11 -> 13.2 | M11: =F11/C11*100 -> 12.316518
